collect_timestamp,label
1637020800,1
1637020830,1
1637020860,1
1637020890,1
1637020920,1
1637020950,1
1637020980,1
1637021010,1
1637021040,1
1637021070,1
1637021100,2
1637021130,1
1637021160,1
1637021190,1
1637021220,1
1637021250,1
1637021280,1
1637021310,1
1637021340,1
1637021370,1
1637021400,1
1637021430,1
1637021460,1
1637021490,1
1637021520,1
1637021550,1
1637021580,1
1637021610,1
1637021640,1
1637021670,1
1637021700,1
1637021730,1
1637021760,1
1637021790,1
1637021820,1
1637021850,1
1637021880,1
1637021910,1
1637021940,1
1637021970,1
1637022000,1
1637022030,1
1637022060,1
1637022090,1
1637022120,1
1637022150,1
1637022180,1
1637022210,1
1637022240,1
1637022270,1
1637022300,1
1637022330,1
1637022360,1
1637022390,1
1637022420,1
1637022450,1
1637022480,1
1637022510,1
1637022540,1
1637022570,1
1637022600,1
1637022630,1
1637022660,1
1637022690,1
1637022720,1
1637022750,1
1637022780,1
1637022810,1
1637022840,1
1637022870,1
1637022900,1
1637022930,1
1637022960,1
1637022990,1
1637023020,1
1637023050,1
1637023080,1
1637023110,1
1637023140,1
1637023170,1
1637023200,1
1637023230,1
1637023260,1
1637023290,1
1637023320,1
1637023350,1
1637023380,1
1637023410,1
1637023440,1
1637023470,1
1637023500,1
1637023530,1
1637023560,1
1637023590,1
1637023620,1
1637023650,1
1637023680,1
1637023710,1
1637023740,1
1637023770,1
1637023800,1
1637023830,1
1637023860,1
1637023890,1
1637023920,1
1637023950,1
1637023980,1
1637024010,1
1637024040,1
1637024070,1
1637024100,1
1637024130,1
1637024160,1
1637024190,1
1637024220,1
1637024250,1
1637024280,1
1637024310,1
1637024340,1
1637024370,1
1637024400,1
1637024430,1
1637024460,1
1637024490,1
1637024520,1
1637024550,1
1637024580,1
1637024610,1
1637024640,1
1637024670,1
1637024700,1
1637024730,1
1637024760,1
1637024790,1
1637024820,1
1637024850,1
1637024880,1
1637024910,1
1637024940,1
1637024970,1
1637025000,1
1637025030,1
1637025060,1
1637025090,1
1637025120,1
1637025150,1
1637025180,1
1637025210,1
1637025240,1
1637025270,1
1637025300,1
1637025330,1
1637025360,1
1637025390,1
1637025420,1
1637025450,1
1637025480,1
1637025510,1
1637025540,1
1637025570,1
1637025600,1
1637025630,1
1637025660,1
1637025690,1
1637025720,1
1637025750,1
1637025780,1
1637025810,1
1637025840,1
1637025870,1
1637025900,1
1637025930,1
1637025960,1
1637025990,1
1637026020,1
1637026050,1
1637026080,1
1637026110,1
1637026140,1
1637026170,1
1637026200,1
1637026230,1
1637026260,1
1637026290,1
1637026320,1
1637026350,1
1637026380,1
1637026410,1
1637026440,1
1637026470,1
1637026500,1
1637026530,1
1637026560,1
1637026590,1
1637026620,1
1637026650,1
1637026680,1
1637026710,1
1637026740,1
1637026770,1
1637026800,1
1637026830,1
1637026860,1
1637026890,1
1637026920,1
1637026950,1
1637026980,1
1637027010,1
1637027040,1
1637027070,1
1637027100,1
1637027130,1
1637027160,1
1637027190,1
1637027220,1
1637027250,1
1637027280,1
1637027310,1
1637027340,1
1637027370,1
1637027400,1
1637027430,1
1637027460,1
1637027490,1
1637027520,1
1637027550,1
1637027580,1
1637027610,1
1637027640,1
1637027670,1
1637027700,1
1637027730,1
1637027760,1
1637027790,1
1637027820,1
1637027850,1
1637027880,1
1637027910,1
1637027940,1
1637027970,1
1637028000,1
1637028030,1
1637028060,1
1637028090,1
1637028120,1
1637028150,1
1637028180,1
1637028210,1
1637028240,1
1637028270,1
1637028300,1
1637028330,1
1637028360,1
1637028390,1
1637028420,1
1637028450,1
1637028480,1
1637028510,1
1637028540,1
1637028570,1
1637028600,1
1637028630,1
1637028660,1
1637028690,1
1637028720,1
1637028750,1
1637028780,1
1637028810,1
1637028840,1
1637028870,1
1637028900,1
1637028930,1
1637028960,1
1637028990,1
1637029020,1
1637029050,1
1637029080,1
1637029110,1
1637029140,1
1637029170,1
1637029200,1
1637029230,1
1637029260,1
1637029290,1
1637029320,1
1637029350,1
1637029380,1
1637029410,1
1637029440,1
1637029470,1
1637029500,1
1637029530,1
1637029560,1
1637029590,1
1637029620,1
1637029650,1
1637029680,1
1637029710,1
1637029740,1
1637029770,1
1637029800,1
1637029830,1
1637029860,1
1637029890,1
1637029920,1
1637029950,1
1637029980,1
1637030010,1
1637030040,1
1637030070,1
1637030100,1
1637030130,1
1637030160,1
1637030190,1
1637030220,1
1637030250,1
1637030280,1
1637030310,1
1637030340,1
1637030370,1
1637030400,1
1637030430,1
1637030460,1
1637030490,1
1637030520,1
1637030550,1
1637030580,1
1637030610,1
1637030640,1
1637030670,1
1637030700,1
1637030730,1
1637030760,1
1637030790,1
1637030820,1
1637030850,1
1637030880,1
1637030910,1
1637030940,1
1637030970,1
1637031000,1
1637031030,1
1637031060,1
1637031090,1
1637031120,1
1637031150,1
1637031180,1
1637031210,1
1637031240,1
1637031270,1
1637031300,1
1637031330,1
1637031360,1
1637031390,1
1637031420,1
1637031450,1
1637031480,1
1637031510,1
1637031540,1
1637031570,1
1637031600,1
1637031630,1
1637031660,1
1637031690,1
1637031720,1
1637031750,1
1637031780,1
1637031810,1
1637031840,1
1637031870,1
1637031900,1
1637031930,1
1637031960,1
1637031990,1
1637032020,1
1637032050,1
1637032080,1
1637032110,1
1637032140,1
1637032170,1
1637032200,1
1637032230,1
1637032260,1
1637032290,1
1637032320,1
1637032350,1
1637032380,1
1637032410,1
1637032440,1
1637032470,1
1637032500,1
1637032530,1
1637032560,1
1637032590,1
1637032620,1
1637032650,1
1637032680,1
1637032710,1
1637032740,1
1637032770,1
1637032800,1
1637032830,1
1637032860,1
1637032890,1
1637032920,1
1637032950,1
1637032980,1
1637033010,1
1637033040,1
1637033070,1
1637033100,1
1637033130,1
1637033160,1
1637033190,1
1637033220,1
1637033250,1
1637033280,1
1637033310,1
1637033340,1
1637033370,1
1637033400,1
1637033430,1
1637033460,1
1637033490,1
1637033520,1
1637033550,1
1637033580,1
1637033610,1
1637033640,1
1637033670,1
1637033700,1
1637033730,1
1637033760,1
1637033790,1
1637033820,1
1637033850,1
1637033880,1
1637033910,1
1637033940,1
1637033970,1
1637034000,1
1637034030,1
1637034060,1
1637034090,1
1637034120,1
1637034150,1
1637034180,1
1637034210,1
1637034240,1
1637034270,1
1637034300,1
1637034330,1
1637034360,1
1637034390,1
1637034420,1
1637034450,1
1637034480,1
1637034510,1
1637034540,1
1637034570,1
1637034600,1
1637034630,1
1637034660,1
1637034690,1
1637034720,1
1637034750,1
1637034780,1
1637034810,1
1637034840,1
1637034870,1
1637034900,1
1637034930,1
1637034960,1
1637034990,1
1637035020,1
1637035050,1
1637035080,1
1637035110,1
1637035140,1
1637035170,1
1637035200,1
1637035230,1
1637035260,1
1637035290,1
1637035320,1
1637035350,1
1637035380,1
1637035410,1
1637035440,1
1637035470,1
1637035500,1
1637035530,1
1637035560,1
1637035590,1
1637035620,1
1637035650,1
1637035680,1
1637035710,1
1637035740,1
1637035770,1
1637035800,1
1637035830,1
1637035860,1
1637035890,1
1637035920,1
1637035950,1
1637035980,1
1637036010,1
1637036040,1
1637036070,1
1637036100,1
1637036130,1
1637036160,1
1637036190,1
1637036220,1
1637036250,1
1637036280,1
1637036310,1
1637036340,1
1637036370,1
1637036400,1
1637036430,1
1637036460,1
1637036490,1
1637036520,1
1637036550,1
1637036580,1
1637036610,1
1637036640,1
1637036670,1
1637036700,1
1637036730,1
1637036760,1
1637036790,1
1637036820,1
1637036850,1
1637036880,1
1637036910,1
1637036940,1
1637036970,1
1637037000,1
1637037030,1
1637037060,1
1637037090,1
1637037120,1
1637037150,1
1637037180,1
1637037210,1
1637037240,1
1637037270,1
1637037300,1
1637037330,1
1637037360,1
1637037390,1
1637037420,1
1637037450,1
1637037480,1
1637037510,1
1637037540,1
1637037570,1
1637037600,1
1637037630,1
1637037660,1
1637037690,1
1637037720,1
1637037750,1
1637037780,1
1637037810,1
1637037840,1
1637037870,1
1637037900,1
1637037930,1
1637037960,1
1637037990,1
1637038020,1
1637038050,1
1637038080,1
1637038110,1
1637038140,1
1637038170,1
1637038200,1
1637038230,1
1637038260,1
1637038290,1
1637038320,1
1637038350,1
1637038380,1
1637038410,1
1637038440,1
1637038470,1
1637038500,1
1637038530,1
1637038560,1
1637038590,1
1637038620,1
1637038650,1
1637038680,1
1637038710,1
1637038740,1
1637038770,1
1637038800,1
1637038830,1
1637038860,1
1637038890,1
1637038920,1
1637038950,1
1637038980,1
1637039010,1
1637039040,1
1637039070,1
1637039100,1
1637039130,1
1637039160,1
1637039190,1
1637039220,1
1637039250,1
1637039280,1
1637039310,1
1637039340,1
1637039370,1
1637039400,1
1637039430,1
1637039460,1
1637039490,1
1637039520,1
1637039550,1
1637039580,1
1637039610,1
1637039640,1
1637039670,1
1637039700,1
1637039730,1
1637039760,1
1637039790,1
1637039820,1
1637039850,1
1637039880,1
1637039910,1
1637039940,1
1637039970,1
1637040000,1
1637040030,1
1637040060,1
1637040090,1
1637040120,1
1637040150,1
1637040180,1
1637040210,1
1637040240,1
1637040270,1
1637040300,1
1637040330,1
1637040360,1
1637040390,1
1637040420,1
1637040450,1
1637040480,1
1637040510,1
1637040540,1
1637040570,1
1637040600,1
1637040630,1
1637040660,1
1637040690,1
1637040720,1
1637040750,1
1637040780,1
1637040810,1
1637040840,1
1637040870,1
1637040900,1
1637040930,1
1637040960,1
1637040990,1
1637041020,1
1637041050,1
1637041080,1
1637041110,1
1637041140,1
1637041170,1
1637041200,1
1637041230,1
1637041260,1
1637041290,1
1637041320,1
1637041350,1
1637041380,1
1637041410,1
1637041440,1
1637041470,1
1637041500,1
1637041530,1
1637041560,1
1637041590,1
1637041620,1
1637041650,1
1637041680,1
1637041710,1
1637041740,1
1637041770,1
1637041800,1
1637041830,1
1637041860,1
1637041890,1
1637041920,1
1637041950,1
1637041980,1
1637042010,1
1637042040,1
1637042070,1
1637042100,1
1637042130,1
1637042160,1
1637042190,1
1637042220,1
1637042250,1
1637042280,1
1637042310,1
1637042340,1
1637042370,1
1637042400,1
1637042430,1
1637042460,1
1637042490,1
1637042520,1
1637042550,1
1637042580,1
1637042610,1
1637042640,1
1637042670,1
1637042700,1
1637042730,1
1637042760,1
1637042790,1
1637042820,1
1637042850,1
1637042880,1
1637042910,1
1637042940,1
1637042970,1
1637043000,1
1637043030,1
1637043060,1
1637043090,1
1637043120,1
1637043150,1
1637043180,1
1637043210,1
1637043240,1
1637043270,1
1637043300,1
1637043330,1
1637043360,1
1637043390,1
1637043420,1
1637043450,1
1637043480,1
1637043510,1
1637043540,1
1637043570,1
1637043600,1
1637043630,1
1637043660,1
1637043690,1
1637043720,1
1637043750,1
1637043780,1
1637043810,1
1637043840,1
1637043870,1
1637043900,1
1637043930,1
1637043960,1
1637043990,1
1637044020,1
1637044050,1
1637044080,1
1637044110,1
1637044140,1
1637044170,1
1637044200,1
1637044230,1
1637044260,1
1637044290,1
1637044320,1
1637044350,1
1637044380,1
1637044410,1
1637044440,1
1637044470,1
1637044500,1
1637044530,1
1637044560,1
1637044590,1
1637044620,1
1637044650,1
1637044680,1
1637044710,1
1637044740,1
1637044770,1
1637044800,1
1637044830,1
1637044860,1
1637044890,1
1637044920,1
1637044950,1
1637044980,1
1637045010,1
1637045040,1
1637045070,1
1637045100,1
1637045130,1
1637045160,1
1637045190,1
1637045220,1
1637045250,1
1637045280,1
1637045310,1
1637045340,1
1637045370,1
1637045400,1
1637045430,1
1637045460,1
1637045490,1
1637045520,1
1637045550,1
1637045580,1
1637045610,1
1637045640,1
1637045670,1
1637045700,1
1637045730,1
1637045760,1
1637045790,1
1637045820,1
1637045850,1
1637045880,1
1637045910,1
1637045940,1
1637045970,1
1637046000,1
1637046030,1
1637046060,1
1637046090,1
1637046120,1
1637046150,1
1637046180,1
1637046210,1
1637046240,1
1637046270,1
1637046300,1
1637046330,1
1637046360,1
1637046390,1
1637046420,1
1637046450,1
1637046480,1
1637046510,1
1637046540,1
1637046570,1
1637046600,1
1637046630,1
1637046660,1
1637046690,1
1637046720,1
1637046750,1
1637046780,1
1637046810,1
1637046840,1
1637046870,1
1637046900,1
1637046930,1
1637046960,1
1637046990,1
1637047020,1
1637047050,1
1637047080,1
1637047110,1
1637047140,1
1637047170,1
1637047200,1
1637047230,1
1637047260,1
1637047290,1
1637047320,1
1637047350,1
1637047380,1
1637047410,1
1637047440,1
1637047470,1
1637047500,1
1637047530,1
1637047560,1
1637047590,1
1637047620,1
1637047650,1
1637047680,1
1637047710,1
1637047740,1
1637047770,1
1637047800,1
1637047830,1
1637047860,1
1637047890,1
1637047920,1
1637047950,1
1637047980,1
1637048010,1
1637048040,1
1637048070,1
1637048100,1
1637048130,1
1637048160,1
1637048190,1
1637048220,1
1637048250,1
1637048280,1
1637048310,1
1637048340,1
1637048370,1
1637048400,1
1637048430,1
1637048460,1
1637048490,1
1637048520,1
1637048550,1
1637048580,1
1637048610,1
1637048640,1
1637048670,1
1637048700,1
1637048730,1
1637048760,1
1637048790,1
1637048820,1
1637048850,1
1637048880,1
1637048910,1
1637048940,1
1637048970,1
1637049000,1
1637049030,1
1637049060,1
1637049090,1
1637049120,1
1637049150,1
1637049180,1
1637049210,1
1637049240,1
1637049270,1
1637049300,1
1637049330,1
1637049360,1
1637049390,1
1637049420,1
1637049450,1
1637049480,1
1637049510,1
1637049540,1
1637049570,1
1637049600,1
1637049630,1
1637049660,1
1637049690,1
1637049720,1
1637049750,1
1637049780,1
1637049810,1
1637049840,1
1637049870,1
1637049900,1
1637049930,1
1637049960,1
1637049990,1
1637050020,1
1637050050,1
1637050080,1
1637050110,1
1637050140,1
1637050170,1
1637050200,1
1637050230,1
1637050260,1
1637050290,1
1637050320,1
1637050350,1
1637050380,1
1637050410,1
1637050440,1
1637050470,1
1637050500,1
1637050530,1
1637050560,1
1637050590,1
1637050620,1
1637050650,1
1637050680,1
1637050710,1
1637050740,1
1637050770,1
1637050800,1
1637050830,1
1637050860,1
1637050890,1
1637050920,1
1637050950,1
1637050980,1
1637051010,1
1637051040,1
1637051070,1
1637051100,1
1637051130,1
1637051160,1
1637051190,1
1637051220,1
1637051250,1
1637051280,1
1637051310,1
1637051340,1
1637051370,1
1637051400,1
1637051430,1
1637051460,1
1637051490,1
1637051520,1
1637051550,1
1637051580,1
1637051610,1
1637051640,1
1637051670,1
1637051700,1
1637051730,1
1637051760,1
1637051790,1
1637051820,1
1637051850,1
1637051880,1
1637051910,1
1637051940,1
1637051970,1
1637052000,1
1637052030,1
1637052060,1
1637052090,1
1637052120,1
1637052150,1
1637052180,1
1637052210,1
1637052240,1
1637052270,1
1637052300,1
1637052330,1
1637052360,1
1637052390,1
1637052420,1
1637052450,1
1637052480,1
1637052510,1
1637052540,1
1637052570,1
1637052600,1
1637052630,1
1637052660,1
1637052690,1
1637052720,1
1637052750,1
1637052780,1
1637052810,1
1637052840,1
1637052870,1
1637052900,1
1637052930,1
1637052960,1
1637052990,1
1637053020,1
1637053050,1
1637053080,1
1637053110,1
1637053140,1
1637053170,1
1637053200,1
1637053230,1
1637053260,1
1637053290,1
1637053320,1
1637053350,1
1637053380,1
1637053410,1
1637053440,1
1637053470,1
1637053500,1
1637053530,1
1637053560,1
1637053590,1
1637053620,1
1637053650,1
1637053680,1
1637053710,1
1637053740,1
1637053770,1
1637053800,1
1637053830,1
1637053860,1
1637053890,1
1637053920,1
1637053950,1
1637053980,1
1637054010,1
1637054040,1
1637054070,1
1637054100,1
1637054130,1
1637054160,1
1637054190,1
1637054220,1
1637054250,1
1637054280,1
1637054310,1
1637054340,1
1637054370,1
1637054400,1
1637054430,1
1637054460,1
1637054490,1
1637054520,1
1637054550,1
1637054580,1
1637054610,1
1637054640,1
1637054670,1
1637054700,1
1637054730,1
1637054760,1
1637054790,1
1637054820,1
1637054850,1
1637054880,1
1637054910,1
1637054940,1
1637054970,1
1637055000,1
1637055030,1
1637055060,1
1637055090,1
1637055120,1
1637055150,1
1637055180,1
1637055210,1
1637055240,1
1637055270,1
1637055300,1
1637055330,1
1637055360,1
1637055390,1
1637055420,1
1637055450,1
1637055480,1
1637055510,1
1637055540,1
1637055570,1
1637055600,1
1637055630,1
1637055660,1
1637055690,1
1637055720,1
1637055750,1
1637055780,1
1637055810,1
1637055840,1
1637055870,1
1637055900,1
1637055930,1
1637055960,1
1637055990,1
1637056020,1
1637056050,1
1637056080,1
1637056110,1
1637056140,1
1637056170,1
1637056200,1
1637056230,1
1637056260,1
1637056290,1
1637056320,1
1637056350,1
1637056380,1
1637056410,1
1637056440,1
1637056470,1
1637056500,1
1637056530,1
1637056560,1
1637056590,1
1637056620,1
1637056650,1
1637056680,1
1637056710,1
1637056740,1
1637056770,1
1637056800,1
1637056830,1
1637056860,1
1637056890,1
1637056920,1
1637056950,1
1637056980,1
1637057010,1
1637057040,1
1637057070,1
1637057100,1
1637057130,1
1637057160,1
1637057190,1
1637057220,1
1637057250,1
1637057280,1
1637057310,1
1637057340,1
1637057370,1
1637057400,1
1637057430,1
1637057460,1
1637057490,1
1637057520,1
1637057550,1
1637057580,1
1637057610,1
1637057640,1
1637057670,1
1637057700,1
1637057730,1
1637057760,1
1637057790,1
1637057820,1
1637057850,1
1637057880,1
1637057910,1
1637057940,1
1637057970,1
1637058000,1
1637058030,1
1637058060,1
1637058090,1
1637058120,1
1637058150,1
1637058180,1
1637058210,1
1637058240,1
1637058270,1
1637058300,1
1637058330,1
1637058360,1
1637058390,1
1637058420,1
1637058450,1
1637058480,1
1637058510,1
1637058540,1
1637058570,1
1637058600,1
1637058630,1
1637058660,1
1637058690,1
1637058720,1
1637058750,1
1637058780,1
1637058810,1
1637058840,1
1637058870,1
1637058900,1
1637058930,1
1637058960,1
1637058990,1
1637059020,1
1637059050,2
1637059080,2
1637059110,2
1637059140,2
1637059170,2
1637059200,2
1637059230,2
1637059260,2
1637059290,1
1637059320,1
1637059350,2
1637059380,2
1637059410,2
1637059440,2
1637059470,2
1637059500,2
1637059530,1
1637059560,1
1637059590,1
1637059620,1
1637059650,2
1637059680,2
1637059710,2
1637059740,2
1637059770,2
1637059800,2
1637059830,2
1637059860,2
1637059890,2
1637059920,2
1637059950,2
1637059980,2
1637060010,2
1637060040,2
1637060070,2
1637060100,2
1637060130,2
1637060160,2
1637060190,2
1637060220,2
1637060250,2
1637060280,2
1637060310,2
1637060340,2
1637060370,2
1637060400,2
1637060430,2
1637060460,2
1637060490,2
1637060520,1
1637060550,1
1637060580,1
1637060610,1
1637060640,2
1637060670,2
1637060700,2
1637060730,2
1637060760,1
1637060790,1
1637060820,1
1637060850,1
1637060880,1
1637060910,1
1637060940,1
1637060970,1
1637061000,2
1637061030,2
1637061060,1
1637061090,1
1637061120,1
1637061150,1
1637061180,1
1637061210,1
1637061240,1
1637061270,2
1637061300,2
1637061330,2
1637061360,1
1637061390,1
1637061420,1
1637061450,1
1637061480,1
1637061510,1
1637061540,1
1637061570,2
1637061600,2
1637061630,2
1637061660,2
1637061690,1
1637061720,1
1637061750,1
1637061780,1
1637061810,1
1637061840,1
1637061870,1
1637061900,1
1637061930,2
1637061960,2
1637061990,2
1637062020,2
1637062050,2
1637062080,2
1637062110,2
1637062140,2
1637062170,2
1637062200,2
1637062230,2
1637062260,2
1637062290,2
1637062320,2
1637062350,2
1637062380,2
1637062410,2
1637062440,2
1637062470,2
1637062500,2
1637062530,2
1637062560,2
1637062590,2
1637062620,2
1637062650,2
1637062680,2
1637062710,2
1637062740,2
1637062770,2
1637062800,2
1637062830,2
1637062860,2
1637062890,2
1637062920,2
1637062950,2
1637062980,2
1637063010,2
1637063040,2
1637063070,2
1637063100,2
1637063130,2
1637063160,2
1637063190,2
1637063220,2
1637063250,2
1637063280,2
1637063310,2
1637063340,2
1637063370,2
1637063400,2
1637063430,2
1637063460,2
1637063490,2
1637063520,2
1637063550,2
1637063580,2
1637063610,1
1637063640,2
1637063670,2
1637063700,2
1637063730,2
1637063760,2
1637063790,2
1637063820,2
1637063850,2
1637063880,2
1637063910,2
1637063940,2
1637063970,2
1637064000,2
1637064030,2
1637064060,2
1637064090,1
1637064120,1
1637064150,1
1637064180,1
1637064210,1
1637064240,1
1637064270,1
1637064300,1
1637064330,2
1637064360,2
1637064390,2
1637064420,2
1637064450,2
1637064480,2
1637064510,2
1637064540,2
1637064570,2
1637064600,2
1637064630,2
1637064660,2
1637064690,2
1637064720,2
1637064750,2
1637064780,2
1637064810,2
1637064840,2
1637064870,2
1637064900,2
1637064930,2
1637064960,2
1637064990,2
1637065020,2
1637065050,2
1637065080,2
1637065110,2
1637065140,2
1637065170,2
1637065200,2
1637065230,2
1637065260,2
1637065290,2
1637065320,2
1637065350,2
1637065380,2
1637065410,1
1637065440,2
1637065470,2
1637065500,2
1637065530,2
1637065560,2
1637065590,2
1637065620,2
1637065650,2
1637065680,2
1637065710,2
1637065740,2
1637065770,2
1637065800,2
1637065830,2
1637065860,2
1637065890,2
1637065920,2
1637065950,2
1637065980,2
1637066010,2
1637066040,2
1637066070,2
1637066100,2
1637066130,2
1637066160,2
1637066190,2
1637066220,2
1637066250,2
1637066280,2
1637066310,2
1637066340,2
1637066370,2
1637066400,2
1637066430,2
1637066460,2
1637066490,1
1637066520,1
1637066550,1
1637066580,2
1637066610,2
1637066640,2
1637066670,2
1637066700,2
1637066730,2
1637066760,2
1637066790,2
1637066820,2
1637066850,2
1637066880,2
1637066910,2
1637066940,2
1637066970,2
1637067000,2
1637067030,2
1637067060,2
1637067090,2
1637067120,2
1637067150,2
1637067180,2
1637067210,2
1637067240,2
1637067270,2
1637067300,2
1637067330,2
1637067360,2
1637067390,2
1637067420,2
1637067450,2
1637067480,2
1637067510,2
1637067540,3
1637067570,3
1637067600,2
1637067630,2
1637067660,2
1637067690,2
1637067720,1
1637067750,2
1637067780,2
1637067810,2
1637067840,2
1637067870,2
1637067900,2
1637067930,2
1637067960,2
1637067990,2
1637068020,2
1637068050,2
1637068080,2
1637068110,2
1637068140,2
1637068170,2
1637068200,2
1637068230,2
1637068260,2
1637068290,2
1637068320,2
1637068350,2
1637068380,3
1637068410,3
1637068440,3
1637068470,2
1637068500,2
1637068530,2
1637068560,2
1637068590,2
1637068620,2
1637068650,2
1637068680,2
1637068710,2
1637068740,2
1637068770,2
1637068800,2
1637068830,2
1637068860,2
1637068890,2
1637068920,2
1637068950,2
1637068980,3
1637069010,3
1637069040,3
1637069070,3
1637069100,3
1637069130,3
1637069160,3
1637069190,3
1637069220,3
1637069250,3
1637069280,3
1637069310,3
1637069340,3
1637069370,3
1637069400,3
1637069430,3
1637069460,2
1637069490,2
1637069520,2
1637069550,2
1637069580,2
1637069610,2
1637069640,2
1637069670,3
1637069700,3
1637069730,3
1637069760,3
1637069790,3
1637069820,3
1637069850,3
1637069880,2
1637069910,2
1637069940,2
1637069970,2
1637070000,2
1637070030,2
1637070060,2
1637070090,2
1637070120,2
1637070150,2
1637070180,2
1637070210,2
1637070240,2
1637070270,2
1637070300,2
1637070330,2
1637070360,2
1637070390,2
1637070420,2
1637070450,2
1637070480,2
1637070510,2
1637070540,2
1637070570,2
1637070600,2
1637070630,2
1637070660,2
1637070690,2
1637070720,2
1637070750,2
1637070780,2
1637070810,2
1637070840,2
1637070870,2
1637070900,2
1637070930,2
1637070960,2
1637070990,2
1637071020,2
1637071050,3
1637071080,2
1637071110,2
1637071140,3
1637071170,3
1637071200,3
1637071230,3
1637071260,2
1637071290,2
1637071320,1
1637071350,2
1637071380,2
1637071410,2
1637071440,2
1637071470,2
1637071500,2
1637071530,2
1637071560,2
1637071590,2
1637071620,2
1637071650,2
1637071680,2
1637071710,2
1637071740,2
1637071770,2
1637071800,2
1637071830,2
1637071860,2
1637071890,2
1637071920,2
1637071950,2
1637071980,2
1637072010,2
1637072040,2
1637072070,2
1637072100,2
1637072130,2
1637072160,2
1637072190,2
1637072220,2
1637072250,2
1637072280,2
1637072310,2
1637072340,2
1637072370,2
1637072400,2
1637072430,3
1637072460,2
1637072490,2
1637072520,3
1637072550,3
1637072580,3
1637072610,2
1637072640,2
1637072670,2
1637072700,2
1637072730,2
1637072760,2
1637072790,2
1637072820,2
1637072850,2
1637072880,2
1637072910,2
1637072940,2
1637072970,2
1637073000,2
1637073030,1
1637073060,1
1637073090,2
1637073120,2
1637073150,2
1637073180,2
1637073210,2
1637073240,2
1637073270,2
1637073300,2
1637073330,2
1637073360,2
1637073390,2
1637073420,2
1637073450,2
1637073480,2
1637073510,2
1637073540,2
1637073570,2
1637073600,2
1637073630,2
1637073660,1
1637073690,2
1637073720,2
1637073750,2
1637073780,2
1637073810,2
1637073840,2
1637073870,3
1637073900,2
1637073930,2
1637073960,2
1637073990,2
1637074020,3
1637074050,3
1637074080,3
1637074110,3
1637074140,3
1637074170,3
1637074200,3
1637074230,3
1637074260,3
1637074290,3
1637074320,3
1637074350,2
1637074380,2
1637074410,3
1637074440,3
1637074470,3
1637074500,3
1637074530,3
1637074560,3
1637074590,3
1637074620,3
1637074650,3
1637074680,3
1637074710,3
1637074740,3
1637074770,3
1637074800,3
1637074830,3
1637074860,3
1637074890,3
1637074920,3
1637074950,3
1637074980,3
1637075010,3
1637075040,3
1637075070,3
1637075100,3
1637075130,3
1637075160,3
1637075190,3
1637075220,3
1637075250,3
1637075280,3
1637075310,3
1637075340,3
1637075370,3
1637075400,3
1637075430,3
1637075460,3
1637075490,3
1637075520,3
1637075550,3
1637075580,3
1637075610,3
1637075640,3
1637075670,3
1637075700,3
1637075730,3
1637075760,3
1637075790,3
1637075820,3
1637075850,3
1637075880,3
1637075910,3
1637075940,3
1637075970,3
1637076000,3
1637076030,3
1637076060,3
1637076090,3
1637076120,3
1637076150,3
1637076180,3
1637076210,3
1637076240,3
1637076270,3
1637076300,3
1637076330,3
1637076360,3
1637076390,3
1637076420,3
1637076450,3
1637076480,3
1637076510,3
1637076540,3
1637076570,3
1637076600,3
1637076630,3
1637076660,3
1637076690,3
1637076720,3
1637076750,3
1637076780,3
1637076810,3
1637076840,3
1637076870,3
1637076900,3
1637076930,3
1637076960,3
1637076990,3
1637077020,3
1637077050,3
1637077080,3
1637077110,3
1637077140,3
1637077170,3
1637077200,3
1637077230,3
1637077260,3
1637077290,3
1637077320,3
1637077350,3
1637077380,3
1637077410,3
1637077440,3
1637077470,3
1637077500,3
1637077530,3
1637077560,3
1637077590,4
1637077620,3
1637077650,3
1637077680,3
1637077710,3
1637077740,3
1637077770,3
1637077800,3
1637077830,3
1637077860,3
1637077890,4
1637077920,4
1637077950,4
1637077980,4
1637078010,4
1637078040,4
1637078070,4
1637078100,4
1637078130,4
1637078160,4
1637078190,4
1637078220,4
1637078250,4
1637078280,4
1637078310,4
1637078340,4
1637078370,4
1637078400,4
1637078430,3
1637078460,3
1637078490,3
1637078520,3
1637078550,3
1637078580,3
1637078610,3
1637078640,3
1637078670,3
1637078700,3
1637078730,3
1637078760,3
1637078790,3
1637078820,3
1637078850,3
1637078880,3
1637078910,3
1637078940,3
1637078970,3
1637079000,3
1637079030,3
1637079060,3
1637079090,3
1637079120,3
1637079150,3
1637079180,3
1637079210,3
1637079240,3
1637079270,3
1637079300,3
1637079330,3
1637079360,3
1637079390,3
1637079420,3
1637079450,3
1637079480,3
1637079510,3
1637079540,3
1637079570,3
1637079600,3
1637079630,3
1637079660,3
1637079690,3
1637079720,3
1637079750,3
1637079780,2
1637079810,2
1637079840,2
1637079870,2
1637079900,2
1637079930,2
1637079960,1
1637079990,2
1637080020,2
1637080050,2
1637080080,2
1637080110,2
1637080140,2
1637080170,2
1637080200,2
1637080230,2
1637080260,2
1637080290,2
1637080320,2
1637080350,2
1637080380,2
1637080410,2
1637080440,2
1637080470,2
1637080500,2
1637080530,2
1637080560,2
1637080590,2
1637080620,2
1637080650,2
1637080680,2
1637080710,2
1637080740,2
1637080770,2
1637080800,2
1637080830,2
1637080860,2
1637080890,2
1637080920,2
1637080950,2
1637080980,2
1637081010,2
1637081040,3
1637081070,3
1637081100,3
1637081130,3
1637081160,3
1637081190,2
1637081220,2
1637081250,2
1637081280,2
1637081310,2
1637081340,2
1637081370,2
1637081400,2
1637081430,2
1637081460,2
1637081490,2
1637081520,2
1637081550,2
1637081580,2
1637081610,2
1637081640,2
1637081670,2
1637081700,2
1637081730,2
1637081760,2
1637081790,2
1637081820,2
1637081850,2
1637081880,2
1637081910,2
1637081940,2
1637081970,2
1637082000,2
1637082030,2
1637082060,2
1637082090,2
1637082120,2
1637082150,2
1637082180,2
1637082210,2
1637082240,2
1637082270,2
1637082300,2
1637082330,2
1637082360,2
1637082390,2
1637082420,2
1637082450,2
1637082480,2
1637082510,2
1637082540,2
1637082570,2
1637082600,2
1637082630,2
1637082660,2
1637082690,2
1637082720,2
1637082750,2
1637082780,2
1637082810,2
1637082840,2
1637082870,2
1637082900,3
1637082930,3
1637082960,3
1637082990,3
1637083020,3
1637083050,3
1637083080,3
1637083110,3
1637083140,3
1637083170,3
1637083200,3
1637083230,3
1637083260,2
1637083290,2
1637083320,2
1637083350,2
1637083380,2
1637083410,2
1637083440,2
1637083470,2
1637083500,2
1637083530,2
1637083560,2
1637083590,2
1637083620,2
1637083650,2
1637083680,2
1637083710,2
1637083740,2
1637083770,2
1637083800,2
1637083830,2
1637083860,2
1637083890,2
1637083920,2
1637083950,2
1637083980,2
1637084010,2
1637084040,2
1637084070,2
1637084100,2
1637084130,2
1637084160,2
1637084190,3
1637084220,3
1637084250,3
1637084280,3
1637084310,3
1637084340,3
1637084370,3
1637084400,3
1637084430,3
1637084460,3
1637084490,3
1637084520,3
1637084550,3
1637084580,3
1637084610,3
1637084640,3
1637084670,3
1637084700,3
1637084730,3
1637084760,3
1637084790,3
1637084820,3
1637084850,3
1637084880,2
1637084910,2
1637084940,2
1637084970,2
1637085000,2
1637085030,2
1637085060,2
1637085090,2
1637085120,2
1637085150,2
1637085180,2
1637085210,2
1637085240,2
1637085270,2
1637085300,2
1637085330,2
1637085360,2
1637085390,2
1637085420,2
1637085450,2
1637085480,2
1637085510,2
1637085540,2
1637085570,2
1637085600,2
1637085630,2
1637085660,1
1637085690,1
1637085720,1
1637085750,1
1637085780,2
1637085810,2
1637085840,1
1637085870,1
1637085900,1
1637085930,1
1637085960,1
1637085990,1
1637086020,1
1637086050,1
1637086080,2
1637086110,2
1637086140,2
1637086170,1
1637086200,1
1637086230,2
1637086260,2
1637086290,2
1637086320,2
1637086350,2
1637086380,2
1637086410,2
1637086440,2
1637086470,2
1637086500,2
1637086530,1
1637086560,1
1637086590,1
1637086620,2
1637086650,2
1637086680,2
1637086710,2
1637086740,2
1637086770,2
1637086800,2
1637086830,2
1637086860,2
1637086890,2
1637086920,2
1637086950,2
1637086980,2
1637087010,2
1637087040,2
1637087070,2
1637087100,2
1637087130,2
1637087160,2
1637087190,2
1637087220,2
1637087250,2
1637087280,2
1637087310,2
1637087340,2
1637087370,2
1637087400,2
1637087430,2
1637087460,2
1637087490,2
1637087520,2
1637087550,2
1637087580,2
1637087610,2
1637087640,2
1637087670,2
1637087700,2
1637087730,2
1637087760,2
1637087790,2
1637087820,2
1637087850,2
1637087880,2
1637087910,2
1637087940,2
1637087970,2
1637088000,2
1637088030,2
1637088060,2
1637088090,2
1637088120,2
1637088150,2
1637088180,2
1637088210,2
1637088240,3
1637088270,3
1637088300,2
1637088330,2
1637088360,2
1637088390,2
1637088420,2
1637088450,2
1637088480,2
1637088510,2
1637088540,2
1637088570,2
1637088600,2
1637088630,2
1637088660,2
1637088690,2
1637088720,2
1637088750,2
1637088780,2
1637088810,2
1637088840,2
1637088870,2
1637088900,2
1637088930,2
1637088960,2
1637088990,2
1637089020,2
1637089050,2
1637089080,2
1637089110,2
1637089140,2
1637089170,2
1637089200,2
1637089230,2
1637089260,2
1637089290,2
1637089320,2
1637089350,2
1637089380,2
1637089410,2
1637089440,2
1637089470,2
1637089500,2
1637089530,2
1637089560,2
1637089590,2
1637089620,3
1637089650,3
1637089680,2
1637089710,2
1637089740,2
1637089770,2
1637089800,2
1637089830,2
1637089860,2
1637089890,2
1637089920,2
1637089950,2
1637089980,2
1637090010,2
1637090040,2
1637090070,2
1637090100,2
1637090130,2
1637090160,2
1637090190,2
1637090220,2
1637090250,2
1637090280,2
1637090310,2
1637090340,2
1637090370,2
1637090400,2
1637090430,2
1637090460,2
1637090490,2
1637090520,3
1637090550,3
1637090580,3
1637090610,3
1637090640,3
1637090670,3
1637090700,3
1637090730,3
1637090760,3
1637090790,3
1637090820,3
1637090850,3
1637090880,3
1637090910,3
1637090940,3
1637090970,3
1637091000,2
1637091030,2
1637091060,2
1637091090,2
1637091120,2
1637091150,2
1637091180,3
1637091210,3
1637091240,3
1637091270,3
1637091300,3
1637091330,3
1637091360,3
1637091390,3
1637091420,3
1637091450,3
1637091480,3
1637091510,3
1637091540,3
1637091570,3
1637091600,3
1637091630,3
1637091660,3
1637091690,3
1637091720,3
1637091750,3
1637091780,2
1637091810,2
1637091840,2
1637091870,2
1637091900,2
1637091930,3
1637091960,3
1637091990,3
1637092020,3
1637092050,3
1637092080,3
1637092110,3
1637092140,3
1637092170,3
1637092200,3
1637092230,3
1637092260,3
1637092290,3
1637092320,3
1637092350,3
1637092380,3
1637092410,3
1637092440,3
1637092470,3
1637092500,3
1637092530,3
1637092560,3
1637092590,3
1637092620,3
1637092650,3
1637092680,3
1637092710,3
1637092740,3
1637092770,3
1637092800,2
1637092830,2
1637092860,2
1637092890,2
1637092920,2
1637092950,2
1637092980,2
1637093010,2
1637093040,2
1637093070,2
1637093100,2
1637093130,3
1637093160,3
1637093190,3
1637093220,3
1637093250,3
1637093280,3
1637093310,3
1637093340,3
1637093370,3
1637093400,3
1637093430,3
1637093460,3
1637093490,3
1637093520,3
1637093550,3
1637093580,3
1637093610,3
1637093640,3
1637093670,3
1637093700,3
1637093730,3
1637093760,3
1637093790,3
1637093820,3
1637093850,3
1637093880,3
1637093910,3
1637093940,3
1637093970,3
1637094000,3
1637094030,3
1637094060,3
1637094090,3
1637094120,3
1637094150,3
1637094180,3
1637094210,3
1637094240,3
1637094270,3
1637094300,3
1637094330,3
1637094360,3
1637094390,3
1637094420,3
1637094450,3
1637094480,3
1637094510,3
1637094540,3
1637094570,3
1637094600,3
1637094630,3
1637094660,3
1637094690,3
1637094720,3
1637094750,3
1637094780,3
1637094810,3
1637094840,3
1637094870,3
1637094900,3
1637094930,3
1637094960,3
1637094990,3
1637095020,3
1637095050,3
1637095080,3
1637095110,3
1637095140,3
1637095170,3
1637095200,3
1637095230,3
1637095260,3
1637095290,3
1637095320,3
1637095350,3
1637095380,3
1637095410,3
1637095440,3
1637095470,3
1637095500,3
1637095530,3
1637095560,3
1637095590,3
1637095620,3
1637095650,3
1637095680,3
1637095710,3
1637095740,3
1637095770,3
1637095800,3
1637095830,3
1637095860,3
1637095890,3
1637095920,3
1637095950,3
1637095980,3
1637096010,3
1637096040,3
1637096070,3
1637096100,3
1637096130,3
1637096160,3
1637096190,3
1637096220,3
1637096250,3
1637096280,3
1637096310,3
1637096340,3
1637096370,3
1637096400,3
1637096430,3
1637096460,3
1637096490,3
1637096520,3
1637096550,3
1637096580,3
1637096610,3
1637096640,3
1637096670,3
1637096700,3
1637096730,3
1637096760,3
1637096790,3
1637096820,3
1637096850,3
1637096880,4
1637096910,4
1637096940,4
1637096970,3
1637097000,3
1637097030,3
1637097060,3
1637097090,3
1637097120,4
1637097150,4
1637097180,4
1637097210,4
1637097240,3
1637097270,3
1637097300,3
1637097330,3
1637097360,3
1637097390,3
1637097420,3
1637097450,3
1637097480,3
1637097510,3
1637097540,3
1637097570,3
1637097600,3
1637097630,3
1637097660,3
1637097690,3
1637097720,3
1637097750,3
1637097780,3
1637097810,3
1637097840,3
1637097870,3
1637097900,4
1637097930,4
1637097960,4
1637097990,4
1637098020,4
1637098050,4
1637098080,3
1637098110,3
1637098140,4
1637098170,4
1637098200,4
1637098230,4
1637098260,4
1637098290,4
1637098320,4
1637098350,4
1637098380,4
1637098410,4
1637098440,4
1637098470,4
1637098500,4
1637098530,4
1637098560,4
1637098590,4
1637098620,4
1637098650,4
1637098680,3
1637098710,3
1637098740,3
1637098770,3
1637098800,3
1637098830,3
1637098860,3
1637098890,3
1637098920,3
1637098950,3
1637098980,3
1637099010,3
1637099040,3
1637099070,3
1637099100,3
1637099130,3
1637099160,3
1637099190,3
1637099220,3
1637099250,3
1637099280,3
1637099310,3
1637099340,3
1637099370,3
1637099400,3
1637099430,3
1637099460,3
1637099490,3
1637099520,3
1637099550,3
1637099580,3
1637099610,3
1637099640,3
1637099670,3
1637099700,3
1637099730,3
1637099760,3
1637099790,3
1637099820,3
1637099850,3
1637099880,3
1637099910,3
1637099940,3
1637099970,3
1637100000,3
1637100030,3
1637100060,3
1637100090,3
1637100120,3
1637100150,4
1637100180,4
1637100210,4
1637100240,4
1637100270,4
1637100300,3
1637100330,3
1637100360,3
1637100390,3
1637100420,3
1637100450,3
1637100480,3
1637100510,3
1637100540,3
1637100570,3
1637100600,3
1637100630,3
1637100660,3
1637100690,3
1637100720,3
1637100750,3
1637100780,3
1637100810,3
1637100840,3
1637100870,3
1637100900,3
1637100930,3
1637100960,3
1637100990,3
1637101020,3
1637101050,3
1637101080,3
1637101110,3
1637101140,3
1637101170,3
1637101200,3
1637101230,3
1637101260,3
1637101290,3
1637101320,3
1637101350,3
1637101380,3
1637101410,3
1637101440,3
1637101470,3
1637101500,3
1637101530,2
1637101560,2
1637101590,2
1637101620,2
1637101650,2
1637101680,2
1637101710,2
1637101740,3
1637101770,3
1637101800,3
1637101830,3
1637101860,2
1637101890,2
1637101920,2
1637101950,2
1637101980,2
1637102010,2
1637102040,2
1637102070,2
1637102100,2
1637102130,2
1637102160,2
1637102190,2
1637102220,2
1637102250,2
1637102280,2
1637102310,2
1637102340,2
1637102370,2
1637102400,2
1637102430,2
1637102460,2
1637102490,2
1637102520,2
1637102550,2
1637102580,2
1637102610,2
1637102640,2
1637102670,2
1637102700,2
1637102730,2
1637102760,2
1637102790,2
1637102820,2
1637102850,2
1637102880,2
1637102910,2
1637102940,2
1637102970,2
1637103000,2
1637103030,2
1637103060,2
1637103090,2
1637103120,2
1637103150,2
1637103180,2
1637103210,2
1637103240,2
1637103270,2
1637103300,2
1637103330,2
1637103360,2
1637103390,2
1637103420,2
1637103450,2
1637103480,2
1637103510,2
1637103540,2
1637103570,2
1637103600,2
1637103630,2
1637103660,2
1637103690,2
1637103720,2
1637103750,2
1637103780,2
1637103810,2
1637103840,2
1637103870,2
1637103900,2
1637103930,2
1637103960,2
1637103990,2
1637104020,2
1637104050,2
1637104080,2
1637104110,2
1637104140,2
1637104170,2
1637104200,2
1637104230,2
1637104260,2
1637104290,2
1637104320,2
1637104350,2
1637104380,2
1637104410,2
1637104440,2
1637104470,2
1637104500,2
1637104530,2
1637104560,2
1637104590,2
1637104620,2
1637104650,2
1637104680,2
1637104710,2
1637104740,2
1637104770,2
1637104800,2
1637104830,2
1637104860,2
1637104890,2
1637104920,2
1637104950,2
1637104980,2
1637105010,2
1637105040,2
1637105070,2
1637105100,2
1637105130,2
1637105160,2
1637105190,2
1637105220,2
1637105250,2
1637105280,2
1637105310,2
1637105340,2
1637105370,2
1637105400,2
1637105430,2
1637105460,2
1637105490,2
1637105520,2
1637105550,2
1637105580,2
1637105610,2
1637105640,2
1637105670,2
1637105700,2
1637105730,2
1637105760,2
1637105790,2
1637105820,2
1637105850,2
1637105880,2
1637105910,2
1637105940,2
1637105970,2
1637106000,2
1637106030,2
1637106060,2
1637106090,2
1637106120,2
1637106150,2
1637106180,2
1637106210,2
1637106240,2
1637106270,2
1637106300,2
1637106330,2
1637106360,2
1637106390,2
1637106420,2
1637106450,2
1637106480,2
1637106510,2
1637106540,2
1637106570,2
1637106600,2
1637106630,2
1637106660,2
1637106690,2
1637106720,2
1637106750,2
1637106780,2
1637106810,2
1637106840,2
1637106870,2
1637106900,2
1637106930,2
1637106960,2
1637106990,2
1637107020,2
1637107050,2
1637107080,2
1637107110,2
1637107140,2
1637107170,2
